"user_id","group","gender","age","edu","pol_knowledge","overconfidence","political_efficacy","pol_interest","overall_media_usage","news_topic_interest","div_trait","div_trait2","news_pref_strength","desirability_of_control","beh_int","first_login","last_visit","number_logins","number_stories_read","m_tv1","m_tv2","m_newspaper","m_computer","m_mobile","t_buit","t_bin","t_econ","t_crime","t_sport","t_ent","t_mil","t_imm","Diversity_1","Diversity_2","Diversity_3","Diversity_4","system_control","strategy_control","satisfaction","control_overall","avg_rating2"
930,1,1,34,6,3,-3,4.33333333333333,6,5.8,5.25,7,8,3.5,4.7,6,2019-10-21 18:32:32,2019-11-26 14:05:12,10,67,7,6,5,5,6,6,5,6,5,4,5,6,5,6,3,6,3,4.5,3.6,5.57142857142857,4,3.14925373134328
556,3,2,31,6,3,-1,3.33333333333333,2,3,3,0,2,4,3.3,4,2019-10-18 13:12:07,2019-11-01 07:38:44,16,49,4,3,1,3,4,3,4,3,2,2,3,4,3,5,4,6,4,2.5,3,4.14285714285714,2.77777777777778,1.8265306122449
670,3,1,53,7,9,-4,4.66666666666667,5,5.4,4.125,4,5,5.25,3.2,2,2019-10-19 03:46:02,2019-11-10 05:35:26,10,86,4,4,8,8,3,5,5,6,3,3,1,6,4,5,6,5,5,2,3.2,3.71428571428571,2.66666666666667,2.22093023255814
875,2,1,35,6,10,-2,4.66666666666667,5,4.6,4.125,4,6,4.25,3.3,5,2019-10-21 08:17:31,2019-11-03 17:31:35,13,92,5,4,4,5,5,5,4,3,4,5,5,2,5,5,4,6,4,3.25,4.6,4.71428571428571,4,3.10326086956522
1048,3,2,49,4,9,-8,4.66666666666667,4,4.2,4.125,3,6,5.5,3.6,3,2019-10-28 20:53:14,2019-11-14 17:27:59,9,74,1,4,8,4,4,3,5,4,4,5,3,5,4,5,5,5,5,3.25,3.8,3.71428571428571,3.55555555555556,2.19594594594595
837,3,1,51,6,11,-8,5,5,4.8,4.125,2,7,6.25,3.6,1,2019-10-20 17:32:04,2019-11-04 10:42:24,10,92,5,4,6,1,8,5,6,4,4,2,4,4,4,6,3,5,5,1,1,1.85714285714286,1,2.5
631,2,2,31,5,1,-1,3.66666666666667,4,5,3.875,3,5,5.5,3.4,4,2019-10-18 17:41:42,2019-12-10 18:14:11,9,96,6,3,6,4,6,4,6,5,3,2,2,5,4,5,5,5,4,2.25,2.4,5.42857142857143,2.33333333333333,1.6875
958,3,2,30,5,3,-3,3.66666666666667,2,4,3.5,2,4,6,3.8,5,2019-10-22 10:11:43,2019-11-10 23:51:55,11,114,3,4,5,1,7,4,4,2,5,2,5,3,3,7,3,7,3,3.75,4.4,5,4.11111111111111,2.68859649122807
1027,2,1,37,4,10,-8,2.66666666666667,3,5.2,3.5,2,4,4,4.3,3,2019-10-24 12:33:54,2019-11-02 07:03:26,20,69,6,3,1,8,8,4,4,3,6,1,5,3,2,6,5,5,6,2.75,2.8,4.42857142857143,2.77777777777778,2.60144927536232
28,1,2,45,3,3,-2,2.66666666666667,5,2.6,2.125,0,0,6.5,5.3,2,2019-10-16 11:29:56,2019-11-03 23:12:43,16,287,3,3,1,5,1,3,3,1,2,1,1,3,3,4,3,5,4,2.25,2.8,4.28571428571429,2.55555555555556,2.90243902439024
85,2,2,42,6,3,-1,5,5,5.8,5,6,8,5.25,2.3,3,2019-10-16 16:40:54,2019-10-27 20:08:51,11,103,8,6,4,5,6,5,6,5,5,4,6,5,4,6,4,5,5,2.5,3,3.85714285714286,2.77777777777778,3.46116504854369
619,2,1,40,5,10,0,6.33333333333333,7,7.6,6.25,8,8,6.5,2.5,7,2019-10-18 17:02:57,2019-11-25 19:09:37,33,203,8,6,8,8,8,7,7,7,5,7,5,6,6,6,4,7,4,5.25,5,6.42857142857143,5.11111111111111,2.68226600985222
46,2,2,23,6,6,-3,3.33333333333333,2,1.4,1.25,0,0,5.5,3.6,1,2019-10-16 14:13:31,2019-10-29 11:31:44,9,71,1,1,1,1,3,1,1,1,1,1,2,1,2,3,4,5,4,2.5,1.2,2,1.77777777777778,2.13380281690141
455,3,1,65,4,11,-5,4.33333333333333,5,7,3.5,2,4,5.75,3.3,3,2019-10-17 16:42:18,2019-11-03 15:53:20,12,64,7,7,7,7,7,6,4,5,3,2,1,3,4,6,4,5,5,3.5,3.4,4.42857142857143,3.44444444444444,2.1640625
628,1,1,59,7,9,2,5.33333333333333,6,6.4,5.375,7,8,5.75,3,2,2019-10-18 17:24:04,2019-10-26 06:29:53,18,118,7,7,7,7,4,6,6,7,4,5,5,5,5,3,3,3,3,3.25,3,3.28571428571429,3.11111111111111,1.85593220338983
279,2,2,24,5,10,-8,6.33333333333333,3,4.8,4.375,3,5,6,2.5,1,2019-10-17 07:26:48,2019-10-27 10:57:58,12,70,5,6,1,6,6,7,7,4,4,2,3,5,3,3,2,3,3,3.25,2,3.57142857142857,2.55555555555556,1.88571428571429
326,2,2,43,7,11,-5,2.66666666666667,2,2.8,3.75,2,6,4.5,2.7,2,2019-10-17 09:57:04,2019-11-05 10:31:55,11,47,4,2,5,2,1,5,4,4,2,4,2,5,4,7,4,7,4,3.25,3.4,5,3.33333333333333,2.77659574468085
211,1,2,52,6,10,-7,5,6,7.2,6,8,8,7,2.3,6,2019-10-16 22:34:06,2019-11-14 13:52:43,37,89,8,8,8,6,6,7,7,7,5,6,5,6,5,7,4,7,6,4.75,5.2,6.71428571428571,5,3.5561797752809
468,3,2,49,5,2,-2,2,4,4.4,3.875,2,5,6,2.4,5,2019-10-18 08:32:01,2019-11-23 13:09:22,19,241,6,7,3,1,5,4,5,5,3,3,4,4,3,5,5,3,4,4.25,6.4,5.57142857142857,5.44444444444444,3.20331950207469
197,1,2,46,5,5,-1,4.66666666666667,5,4.2,4.875,6,7,6,2.7,1,2019-10-16 21:43:49,2019-11-03 22:11:16,12,44,8,7,1,4,1,5,7,5,5,1,5,7,4,4,6,4,6,1,1,2.85714285714286,1,2.51136363636364
198,2,2,52,6,9,2,6,7,4.2,6,7,7,6.25,2.5,5,2019-10-16 21:44:49,2019-12-03 13:59:23,10,87,2,2,1,8,8,7,7,7,5,5,3,7,7,3,3,5,4,3.25,3.4,4.71428571428571,3.33333333333333,2.68965517241379
178,4,1,49,6,9,-7,6.33333333333333,7,3.2,5.5,7,7,6.5,4.1,3,2019-10-16 20:42:06,2019-10-30 20:04:04,19,249,1,1,1,7,6,6,6,6,5,7,2,6,6,6,6,6,3,1.25,2.8,4.71428571428571,2.11111111111111,2.89759036144578
836,3,1,65,6,11,-1,5,6,5.6,5.125,5,5,6.75,3.5,2,2019-10-20 17:22:30,2019-10-29 18:15:06,13,44,8,2,8,5,5,7,7,7,2,2,2,7,7,2,3,4,3,2.25,1.6,2.28571428571429,1.88888888888889,2.14772727272727
477,4,2,39,4,6,-1,2.66666666666667,4,4.4,4.875,5,7,6,3.4,5,2019-10-18 08:57:58,2019-11-06 08:53:14,8,43,7,5,1,2,7,4,5,2,6,7,6,4,5,5,4,3,6,3.25,3.2,4.71428571428571,3.22222222222222,2.90697674418605
554,4,2,59,5,7,-5,3.33333333333333,3,5,4,2,6,4.5,3.6,6,2019-10-18 13:10:37,2019-10-29 09:55:27,10,60,5,4,8,5,3,4,5,4,5,3,4,4,3,6,4,3,5,4.75,4.4,4.71428571428571,4.55555555555556,3.08333333333333
1001,3,1,68,7,5,3,2.66666666666667,2,6.2,4.625,5,7,6.25,3.5,6,2019-10-23 13:02:17,2019-11-04 08:29:54,22,130,8,6,8,8,1,5,6,2,5,5,4,6,4,6,6,6,6,2.75,2.4,4.71428571428571,2.55555555555556,1.98846153846154
29,1,2,69,6,8,-4,4.66666666666667,7,6.2,4.875,5,7,5,3.3,2,2019-10-16 11:35:11,2019-11-21 16:53:34,12,73,8,8,6,5,4,6,6,6,4,5,3,5,4,4,3,5,5,1.5,2.4,2.28571428571429,2,2.86301369863014
1023,2,2,23,5,6,-4,3.33333333333333,5,5.4,4.125,4,5,6.25,3.6,5,2019-10-24 08:45:15,2019-11-11 09:58:08,8,107,6,5,5,6,5,5,5,4,5,1,3,7,3,5,2,6,6,3.25,3,4.85714285714286,3.11111111111111,3.03738317757009
939,2,1,38,4,10,-3,6.33333333333333,7,5.8,5.25,6,6,5.5,1.7,6,2019-10-21 20:34:49,2019-11-11 21:16:03,12,72,4,3,6,8,8,7,7,7,3,5,1,7,5,4,4,7,6,5.5,5.6,5.28571428571429,5.55555555555556,3.61111111111111
1088,2,1,52,5,10,-4,4,6,7.2,3.875,3,4,6.5,3.1,4,2019-10-30 09:29:12,2019-11-18 19:23:16,14,154,8,6,6,8,8,7,7,7,1,1,1,3,4,5,3,5,3,1.75,2.4,3.42857142857143,2.11111111111111,2.70779220779221
869,4,1,46,6,9,-3,6,5,6.8,4.75,4,7,6.5,2.7,1,2019-10-21 07:32:21,2019-11-12 06:59:02,12,113,7,6,6,8,7,4,6,7,3,4,4,5,5,3,3,6,6,2.25,2.4,3.71428571428571,2.33333333333333,2.60176991150442
805,1,1,52,4,9,-7,5,6,6.6,5.625,7,8,5.25,3.4,4,2019-10-20 10:21:36,2019-11-20 12:08:32,23,88,8,6,7,8,4,6,6,6,5,6,4,6,6,5,5,6,4,2.75,3.4,4.42857142857143,3.11111111111111,1.88636363636364
728,2,1,47,6,11,-7,5.33333333333333,6,3.8,4.375,5,6,4,4.8,3,2019-10-19 10:50:53,2019-12-13 06:05:34,13,147,3,4,1,6,5,5,5,5,3,5,3,4,5,4,4,5,4,2.25,3,3,2.66666666666667,1.99659863945578
967,4,2,24,6,2,-2,4,5,2.6,3.375,1,4,5.5,2.9,4,2019-10-22 12:25:48,2019-11-06 19:52:02,8,51,2,3,2,3,3,3,4,3,5,1,4,4,3,6,5,5,5,2.75,3.8,4.42857142857143,3.33333333333333,1.6078431372549
456,1,2,51,4,10,-3,4.33333333333333,5,6.4,4.375,3,7,4.75,3.3,4,2019-10-17 16:44:31,2019-10-27 08:46:57,14,42,7,6,6,7,6,5,6,4,5,4,3,4,4,5,5,4,5,3,2.8,4.28571428571429,2.88888888888889,1.80952380952381
780,3,1,51,4,8,-6,5,5,5,5.125,6,8,5,3,2,2019-10-19 22:17:32,2019-11-03 21:22:31,12,65,5,5,7,6,2,6,6,5,4,6,4,5,5,2,3,2,4,2.5,3.6,3.42857142857143,3.11111111111111,2.84615384615385
242,1,1,32,6,8,-6,3.66666666666667,5,5.4,5.125,4,8,5.5,3.8,3,2019-10-17 05:17:34,2019-10-26 19:42:33,11,86,2,3,6,8,8,4,7,7,4,4,6,5,4,5,4,5,3,3,3,3.42857142857143,3,2.19767441860465
1125,3,1,51,7,9,-1,5.33333333333333,7,4,4.5,4,6,6,3,5,2019-10-31 11:25:36,2019-11-18 17:34:22,52,310,5,4,7,3,1,7,5,6,5,3,4,4,2,4,4,5,6,3,3.6,5,3.33333333333333,3.61129032258065
380,2,1,75,5,9,2,4.33333333333333,6,6.8,5.5,7,8,6,4.5,5,2019-10-17 12:27:59,2019-10-29 10:11:48,22,73,8,8,8,8,2,6,6,6,5,5,4,6,6,5,4,5,4,2.25,3.2,4.85714285714286,2.77777777777778,3.11643835616438
56,2,2,30,5,1,-1,4,5,6.2,3.875,3,5,5.5,3.6,5,2019-10-16 14:24:57,2019-11-09 09:36:20,15,76,6,4,6,7,8,4,6,4,2,2,5,5,3,5,7,7,5,3.75,4.4,5.28571428571429,4.11111111111111,3.55921052631579
991,4,2,26,6,3,-2,4,5,6,5.25,8,8,4.75,3.4,5,2019-10-23 08:57:31,2019-11-06 15:12:33,10,113,7,6,5,7,5,5,6,5,5,5,5,5,6,6,3,4,3,3.25,4.4,4.85714285714286,3.88888888888889,3.10176991150442
623,3,2,42,6,4,-3,3.33333333333333,3,2.6,4.25,3,7,4.75,3.1,3,2019-10-18 17:19:20,2019-10-29 05:52:28,15,56,5,2,2,1,3,3,5,4,5,4,5,4,4,5,4,5,4,3,3.2,3.85714285714286,3.11111111111111,2.29464285714286
277,2,1,69,4,10,-8,1,2,4,3.25,3,3,7,3.7,4,2019-10-17 07:22:54,2019-11-27 18:45:02,32,107,8,1,8,2,1,5,7,6,2,1,3,1,1,6,4,6,3,4.25,3.2,5,3.66666666666667,2.78504672897196
524,2,2,34,6,8,-1,4.66666666666667,5,5,3.25,2,3,5.5,2.9,1,2019-10-18 11:24:46,2019-11-08 12:23:44,11,80,5,5,5,5,5,3,5,3,2,1,3,5,4,4,1,2,2,1,2.8,1.85714285714286,2,2.94375
208,2,1,25,3,3,-3,4.66666666666667,2,3.6,1.375,0,1,5.25,4,1,2019-10-16 22:29:19,2019-11-05 14:56:45,10,55,1,1,1,7,8,1,1,1,1,1,4,1,1,5,4,4,5,1.25,1.2,1.71428571428571,1.22222222222222,1.32727272727273
717,4,2,22,4,2,0,1.66666666666667,1,2.4,2.5,0,2,5.75,3.2,1,2019-10-19 10:06:47,2019-10-31 20:34:12,10,43,1,2,2,3,4,3,3,1,4,1,4,3,1,5,5,3,5,1,1.8,2.28571428571429,1.44444444444444,3.25581395348837
657,3,1,57,5,9,1,3.66666666666667,5,7,6,7,8,5,3.9,3,2019-10-18 20:09:22,2019-10-31 18:04:33,12,52,5,6,8,8,8,6,6,6,7,4,6,6,7,6,4,6,4,4.25,4.2,4.71428571428571,4.22222222222222,2.67307692307692
498,1,2,33,5,1,-1,2.66666666666667,1,2,3.25,2,4,6.5,1.2,5,2019-10-18 09:40:49,2019-12-12 11:19:52,15,121,2,2,1,1,4,2,4,1,6,6,4,2,1,7,5,6,4,4.75,4.6,5.71428571428571,4.66666666666667,2.6900826446281
124,1,1,30,7,8,-6,4.66666666666667,5,4.6,6.625,8,8,4.5,4.4,6,2019-10-16 18:06:15,2019-11-04 20:27:34,19,148,1,1,5,8,8,7,7,7,7,7,6,6,6,3,5,4,3,3,2.2,5,2.55555555555556,2.15540540540541
405,3,1,58,6,9,-6,2.66666666666667,3,3,4,4,6,6.25,2.2,3,2019-10-17 13:51:11,2019-11-27 20:40:59,12,41,8,4,1,1,1,4,4,1,1,6,5,6,5,6,6,7,5,2,1.8,4.28571428571429,1.88888888888889,3.40243902439024
731,1,1,72,7,11,-7,3.66666666666667,5,4.6,3.875,3,5,3.25,3.4,5,2019-10-19 11:15:54,2019-11-04 19:04:37,12,131,2,8,6,4,3,3,5,5,3,4,2,4,5,6,3,6,5,4.5,5.8,5,5.22222222222222,2.03053435114504
330,2,1,66,6,6,-4,5.33333333333333,7,5.2,5.875,6,7,6.25,2.4,5,2019-10-17 10:06:28,2019-10-30 13:26:35,26,111,1,1,8,8,8,7,7,7,4,7,3,6,6,6,6,4,6,4.25,4.6,5.85714285714286,4.44444444444444,2.06756756756757
973,3,1,71,5,5,-4,4.33333333333333,4,6.8,4.625,4,6,6.25,2.5,4,2019-10-22 16:58:10,2019-10-30 08:48:34,18,103,8,3,8,8,7,6,5,5,3,7,3,4,4,5,5,6,4,4.75,5,4.71428571428571,4.88888888888889,2.63592233009709
250,3,2,51,6,10,-8,4.66666666666667,4,4.8,4,3,6,5,3.5,5,2019-10-17 05:47:51,2019-11-13 18:33:07,10,80,1,2,7,8,6,5,6,4,4,1,3,5,4,6,4,7,5,2.75,3.8,4.14285714285714,3.33333333333333,1.63125
569,2,2,48,5,7,-6,3.66666666666667,3,2.8,3.125,2,3,5.5,4.6,4,2019-10-18 13:42:04,2019-11-02 15:30:47,25,237,1,3,1,8,1,5,5,2,3,1,2,3,4,5,4,6,3,5.5,4,6.42857142857143,4.66666666666667,2.95147679324895
880,4,2,30,7,7,-1,2.66666666666667,5,5.2,4.125,5,5,5.25,2.8,2,2019-10-21 08:43:32,2019-11-02 08:47:14,8,43,5,7,5,5,4,5,5,3,7,2,1,5,5,6,6,4,4,2.75,3.4,4.42857142857143,3.11111111111111,2.44186046511628
334,3,2,39,6,6,-5,3.33333333333333,4,5.6,3.75,3,5,6.25,3.7,3,2019-10-17 10:20:16,2019-10-26 10:18:58,10,81,5,4,6,7,6,5,5,2,4,1,3,6,4,6,4,5,5,2.75,2.8,4,2.77777777777778,3.66049382716049
658,3,1,52,5,11,-8,5.33333333333333,6,5.2,5.375,6,7,5.75,3.2,4,2019-10-18 20:20:56,2019-10-31 19:51:40,9,53,8,5,6,4,3,6,7,5,6,7,2,4,6,6,3,4,5,4.25,3.2,4.85714285714286,3.66666666666667,2.62264150943396
982,2,1,66,6,9,-9,4.33333333333333,6,5,4.75,5,6,5.25,3,5,2019-10-22 20:38:21,2019-11-11 11:05:01,10,83,6,4,1,7,7,6,6,4,3,6,3,5,5,4,3,5,4,2.25,3.2,5.28571428571429,2.77777777777778,2.57228915662651
235,2,1,33,5,6,-5,4,5,5,4.75,5,8,5,4.1,4,2019-10-17 04:48:46,2019-10-27 20:51:53,17,65,5,3,4,6,7,5,6,4,4,5,5,5,4,6,4,7,5,2.75,3,3.71428571428571,2.88888888888889,3.43076923076923
635,2,1,54,4,10,-7,3.33333333333333,6,7.2,5.875,7,7,6.5,1.6,6,2019-10-18 18:22:31,2019-12-09 10:53:17,15,63,8,6,8,7,7,7,6,6,5,7,3,7,6,6,2,7,4,5.25,5.6,6.57142857142857,5.44444444444444,4.26984126984127
224,2,2,41,3,9,-8,2.66666666666667,3,5.2,5.5,7,7,6.25,2.1,5,2019-10-17 03:22:59,2019-11-01 03:13:53,15,229,7,6,1,5,7,6,7,5,7,1,5,6,7,6,1,6,2,2,2.8,6.28571428571429,2.44444444444444,3.15502183406114
207,1,2,29,5,0,0,2.33333333333333,2,3.8,3.5,1,4,5,3.2,5,2019-10-16 22:25:02,2019-10-24 06:31:22,21,162,5,5,2,1,6,3,4,3,2,4,5,4,3,5,4,4,4,4,4.6,4.42857142857143,4.33333333333333,2.47222222222222
169,1,2,33,6,3,-2,3.66666666666667,4,4.4,3.125,2,2,6.25,3.4,3,2019-10-16 20:16:39,2019-11-06 18:59:14,26,242,1,1,6,6,8,3,5,3,2,1,3,5,3,4,4,5,4,1.25,1.2,3,1.22222222222222,2.64462809917355
331,3,2,42,5,3,-3,2.33333333333333,1,1.4,3.375,3,4,6.25,2.9,6,2019-10-17 10:13:25,2019-10-27 06:02:29,12,98,1,1,1,2,2,2,5,1,7,1,6,4,1,7,4,7,7,3.25,5.2,6.14285714285714,4.33333333333333,4.1734693877551
26,2,1,37,7,9,2,6.33333333333333,7,6.8,5.125,6,8,6.5,3.6,3,2019-10-16 11:21:22,2019-10-29 10:27:50,14,103,8,6,4,8,8,5,6,6,4,4,6,5,5,7,4,7,5,2.75,3,3.71428571428571,2.88888888888889,2.84466019417476
172,3,1,35,7,9,-6,6,5,6.4,5,6,6,5.5,2.8,6,2019-10-16 20:23:07,2019-11-02 12:56:36,16,59,2,6,8,8,8,5,6,7,6,7,2,2,5,6,4,6,4,3,2.6,5.71428571428571,2.77777777777778,3.51694915254237
91,1,2,42,5,9,-6,5.33333333333333,6,7.2,4.875,5,6,6.25,3,2,2019-10-16 16:59:21,2019-11-05 09:57:12,15,177,8,6,6,8,8,6,6,3,7,6,5,2,4,6,6,7,6,2.5,4.2,3.57142857142857,3.44444444444444,3.1864406779661
118,4,2,35,3,3,-3,4,5,4.2,4.625,5,7,3.5,4.3,5,2019-10-16 17:55:36,2019-10-22 12:58:47,11,193,6,4,3,5,3,4,5,5,6,5,5,3,4,6,4,6,5,5.25,5.2,4.42857142857143,5.22222222222222,2.4559585492228
460,1,2,40,6,9,-7,4,4,3.2,4.625,5,7,6,3.3,6,2019-10-17 17:20:02,2019-11-03 12:03:32,16,203,4,4,2,3,3,5,4,4,6,1,6,5,6,6,4,6,5,3.25,4.6,4.85714285714286,4,2.61822660098522
265,1,2,35,6,4,-3,4,2,2.6,3.875,3,4,7,3.1,2,2019-10-17 06:50:11,2019-11-11 09:26:04,14,271,1,1,1,8,2,3,7,3,4,1,5,1,7,3,2,6,4,1.5,2.8,3.57142857142857,2.22222222222222,2.18450184501845
36,2,2,54,5,4,-3,3.33333333333333,4,3.6,3.375,0,5,5.5,3.8,2,2019-10-16 12:06:39,2019-10-25 14:08:18,14,92,5,3,6,3,1,4,4,3,3,4,1,4,4,6,6,6,6,3,3,4.57142857142857,3,2.77173913043478
611,1,2,62,5,5,0,3,5,5,4.625,6,6,4.75,3,4,2019-10-18 16:36:31,2019-10-28 11:54:34,17,179,6,6,3,5,5,5,5,5,3,3,6,5,5,5,4,6,5,5.25,5,5.71428571428571,5.11111111111111,2.67597765363128
286,1,2,54,5,7,-6,4,5,5.2,5.125,6,8,5.75,3.1,7,2019-10-17 08:00:18,2019-10-29 14:43:58,12,253,6,5,8,1,6,4,7,5,5,5,5,6,4,7,6,7,6,5.5,5.4,6.42857142857143,5.44444444444444,2.55533596837945
125,2,1,41,5,9,2,3.66666666666667,5,5.6,4.75,4,6,5,4.5,5,2019-10-16 18:11:05,2019-11-12 19:52:47,11,72,7,6,5,5,5,5,7,3,7,4,6,2,4,5,5,6,4,4,4.4,5.71428571428571,4.22222222222222,2.65972222222222
337,1,1,60,7,7,-5,5.66666666666667,6,6.8,5.75,6,8,5.75,3.1,6,2019-10-17 10:25:42,2019-10-30 18:55:39,14,51,7,7,8,4,8,7,6,7,4,5,4,7,6,6,4,6,5,2.5,3.6,5.57142857142857,3.11111111111111,3.91176470588235
54,4,2,45,6,8,-4,4,5,5,5.125,5,7,7,3,7,2019-10-16 14:23:51,2019-10-24 17:03:46,15,159,5,7,4,1,8,4,4,5,5,3,7,6,7,6,4,7,6,3,4.8,5.85714285714286,4,2.06918238993711
15,2,1,27,6,9,-6,4.33333333333333,4,4.6,3.125,3,4,5.75,3.2,2,2019-10-16 10:32:23,2019-10-29 10:39:15,12,103,4,3,3,8,5,4,5,5,2,5,1,1,2,4,3,4,4,2.5,4.8,4.14285714285714,3.77777777777778,2.11650485436893
796,2,2,68,5,5,-1,3.66666666666667,4,4.6,4.125,2,5,5.25,2,4,2019-10-20 08:31:59,2019-12-11 05:27:37,14,102,6,4,6,6,1,4,6,4,2,3,3,7,4,5,3,5,5,2,3,4.85714285714286,2.55555555555556,1.92156862745098
743,3,1,67,4,6,-5,3.66666666666667,5,6.8,5.875,7,8,6,2.8,6,2019-10-19 14:12:11,2019-12-15 14:17:45,10,113,8,5,8,8,5,6,7,6,5,7,4,6,6,6,4,7,4,6,5.8,6.71428571428571,5.88888888888889,3.92035398230089
792,3,1,37,7,7,1,5.33333333333333,6,4.4,3.125,2,2,5.25,3.6,5,2019-10-20 08:03:57,2019-12-02 06:39:46,18,42,5,5,2,4,6,3,5,5,2,2,3,2,3,4,4,6,5,4,4.2,4.42857142857143,4.11111111111111,1.95238095238095
721,4,2,62,6,3,2,5.33333333333333,5,3.6,3.625,3,5,5.5,2.6,6,2019-10-19 10:31:26,2019-10-26 09:59:43,15,77,7,6,1,2,2,5,6,4,4,1,2,2,5,7,6,6,6,4.25,5,5.14285714285714,4.66666666666667,3.22077922077922
17,2,1,46,7,6,-5,4.33333333333333,4,4.2,3,1,1,4,3.9,5,2019-10-16 10:41:36,2019-10-29 15:11:44,12,54,3,3,4,5,6,3,3,2,2,5,3,3,3,3,4,3,5,3.5,3.6,4.42857142857143,3.55555555555556,1.08333333333333
384,3,1,62,6,8,-6,5.66666666666667,6,7,5.625,6,7,6,2.9,2,2019-10-17 12:51:38,2019-11-28 13:21:11,17,127,8,8,7,5,7,6,7,7,4,7,2,7,5,4,3,3,5,2.75,2.2,3.57142857142857,2.44444444444444,2.03543307086614
1030,1,1,61,5,5,-3,3.33333333333333,3,3.8,3,1,1,5.25,3.1,4,2019-10-28 15:39:37,2019-11-10 10:02:57,16,140,2,3,6,6,2,3,3,3,2,6,2,3,2,2,5,4,3,3.25,3.6,3.85714285714286,3.44444444444444,1.96428571428571
72,4,2,56,6,7,-6,3.66666666666667,3,4.6,4.75,5,6,6.5,2.4,1,2019-10-16 15:44:58,2019-11-07 09:27:39,12,62,1,5,8,8,1,4,6,7,2,6,1,7,5,5,6,2,6,1,1,3.14285714285714,1,2.82258064516129
101,1,2,40,6,0,0,3.33333333333333,3,5.2,4,4,6,4.5,4.9,6,2019-10-16 17:11:12,2019-11-08 22:26:34,14,380,3,3,6,7,7,5,5,3,4,1,5,5,4,6,4,6,4,4.5,4,4.85714285714286,4.22222222222222,2.48947368421053
68,1,1,48,5,5,-4,2.33333333333333,2,5.8,4.5,4,7,5.75,3.1,5,2019-10-16 15:26:40,2019-10-31 08:11:05,22,90,7,5,2,7,8,5,6,4,4,5,5,3,4,6,5,6,5,3,3.2,4,3.11111111111111,2.9
171,4,1,37,7,10,-6,4.33333333333333,6,5.4,5,6,8,5.25,3.7,2,2019-10-16 20:22:06,2019-10-27 19:24:02,10,72,6,3,5,5,8,5,6,5,4,4,5,6,5,5,4,5,4,3.75,2.8,3.85714285714286,3.22222222222222,1.875
22,3,2,25,7,5,-5,4,3,4.6,2.875,0,3,4,4.5,3,2019-10-16 10:58:13,2019-11-20 16:34:02,22,50,6,3,3,5,6,3,4,2,2,2,4,4,2,6,5,6,4,3.5,4.2,5.57142857142857,3.88888888888889,2.67
465,1,2,22,4,3,-3,2.33333333333333,2,2.8,2.375,1,3,7,4.2,2,2019-10-18 08:27:46,2019-10-28 09:19:42,9,49,8,3,1,1,1,1,4,1,1,1,4,6,1,6,6,6,5,2.25,1.4,3.14285714285714,1.77777777777778,1.89795918367347
268,4,1,36,5,10,-10,4.66666666666667,6,4.2,4.5,4,6,7,4.1,6,2019-10-17 06:56:02,2019-10-27 20:41:28,9,81,2,2,1,8,8,7,7,4,4,1,1,7,5,5,5,5,5,3.5,4.4,6.57142857142857,4,3.85802469135802
88,2,2,60,4,7,-1,4.33333333333333,4,5.8,4.75,6,6,5.25,3.1,2,2019-10-16 16:54:13,2019-10-26 12:24:52,14,125,8,3,8,5,5,5,6,6,5,3,3,5,5,3,3,4,3,2.75,2.4,2.71428571428571,2.55555555555556,3.336
48,1,1,34,6,3,-1,4.66666666666667,3,5.6,5.375,8,8,4,4.2,1,2019-10-16 14:16:48,2019-11-18 09:48:49,16,135,6,5,6,6,5,6,5,6,6,5,5,5,5,5,7,5,6,2,2,2.71428571428571,2,2.24074074074074
566,4,2,58,5,9,0,4.33333333333333,5,8,4.375,4,6,6.25,3.3,6,2019-10-18 13:33:36,2019-10-25 05:38:59,8,109,8,8,8,8,8,5,6,5,5,3,3,4,4,7,6,7,3,5,6.2,5.85714285714286,5.66666666666667,2.22018348623853
314,3,2,55,7,5,-3,3,3,3.2,3.25,1,4,4.5,4,4,2019-10-17 09:08:36,2019-11-04 10:52:10,14,67,5,1,4,2,4,2,4,4,5,2,2,4,3,5,5,4,3,2.5,3.4,4.57142857142857,3,3.55970149253731
530,3,1,31,7,9,2,6,6,4.6,5.375,6,8,5.75,3.4,3,2019-10-18 11:54:17,2019-11-02 14:27:28,11,49,7,7,1,7,1,5,6,6,5,7,4,6,4,5,5,6,6,2.5,2.4,4.28571428571429,2.44444444444444,1.6734693877551
134,3,1,58,6,11,-1,6,6,5.8,4.5,4,6,6,2.7,2,2019-10-16 18:26:18,2019-11-10 10:03:09,26,72,4,4,8,8,5,4,6,6,2,7,4,1,6,6,6,7,6,3,3.6,3.42857142857143,3.33333333333333,2.10416666666667
751,2,1,52,6,11,-5,5.33333333333333,6,7.4,4.375,5,5,6.25,3.1,3,2019-10-19 15:49:12,2019-11-09 10:41:12,11,68,8,6,7,8,8,6,6,5,3,2,2,5,6,5,5,5,5,2.75,3,3.14285714285714,2.88888888888889,2.66176470588235
938,4,1,38,6,5,-5,4,5,4,4.125,2,5,5.75,3.1,2,2019-10-21 20:30:18,2019-10-31 01:53:41,7,51,6,2,3,6,3,4,5,4,3,7,4,3,3,5,5,5,4,3.25,3.2,3.57142857142857,3.22222222222222,2.3921568627451
82,2,1,34,6,10,1,5,5,4.6,4.25,3,7,4.75,3.5,4,2019-10-16 16:28:09,2019-10-28 07:07:09,11,110,5,5,5,4,4,4,5,5,3,5,4,4,4,4,4,4,4,3.25,3.8,3.71428571428571,3.55555555555556,2.16818181818182
545,4,1,63,7,9,2,6,6,5.2,3.75,3,5,6,2.8,3,2019-10-18 12:39:10,2019-10-31 14:13:02,10,55,1,1,8,8,8,6,6,6,2,1,1,4,4,5,3,4,4,3,4,3.42857142857143,3.55555555555556,3.41818181818182
226,4,1,38,3,10,0,4,6,7.6,5.875,8,8,4,4.4,5,2019-10-17 04:18:24,2019-11-13 12:44:38,11,45,8,8,8,8,6,6,7,7,5,5,6,6,5,6,3,6,5,3.5,3.6,5,3.55555555555556,3.03333333333333
297,3,1,54,5,9,2,4.66666666666667,5,5,5.625,7,8,6.25,3.6,6,2019-10-17 08:17:55,2019-11-21 15:27:17,8,68,2,2,5,8,8,6,6,7,4,5,5,5,7,5,5,6,7,4.5,4,4.85714285714286,4.22222222222222,4.47794117647059
344,3,2,25,4,6,-5,3,2,3.6,3.75,3,5,5.5,2.7,1,2019-10-17 10:47:47,2019-11-08 14:20:21,10,94,1,2,1,6,8,4,5,2,6,5,2,4,2,6,2,5,4,2.25,1.8,1.57142857142857,2,2.74468085106383
24,2,1,61,4,11,0,6.33333333333333,7,7.6,6.375,7,8,5.75,2.7,3,2019-10-16 11:13:39,2019-11-25 14:26:45,33,124,8,8,6,8,8,7,7,6,7,7,4,6,7,6,6,6,6,2.25,3,2.14285714285714,2.66666666666667,2.20967741935484
35,2,2,33,7,3,-3,3.66666666666667,5,4.4,4.375,5,6,5.75,2.8,3,2019-10-16 12:02:09,2019-11-06 07:14:55,12,47,6,1,8,1,6,6,6,2,4,5,5,5,2,6,6,5,7,2.5,1.8,3.42857142857143,2.11111111111111,2.17021276595745
951,1,1,59,4,8,-6,4.66666666666667,5,4.8,4.5,4,6,4.75,3.7,6,2019-10-22 07:35:12,2019-11-07 20:29:02,11,136,8,3,7,3,3,6,6,4,4,3,3,5,5,6,3,6,5,1.75,3.2,5.42857142857143,2.55555555555556,2.48897058823529
115,4,2,28,7,11,0,5,1,1.6,5.25,7,7,6.5,2.6,4,2019-10-16 17:51:08,2019-10-27 13:56:15,8,51,1,3,1,2,1,6,6,3,7,5,5,5,5,5,5,6,6,3.25,2.8,5.14285714285714,3,2.41176470588235
383,3,2,48,6,0,0,3.66666666666667,2,5.8,4.25,1,8,5,2.4,4,2019-10-17 12:47:29,2019-10-31 10:31:24,13,62,4,4,5,8,8,4,6,4,4,4,4,4,4,7,4,7,7,4,3.4,5.71428571428571,3.66666666666667,2.51612903225806
158,4,2,52,6,9,-8,5,6,5.6,5.125,6,8,4,3.9,5,2019-10-16 19:44:12,2019-10-27 21:01:02,12,78,6,5,3,7,7,5,6,4,5,7,5,4,5,6,4,6,5,4.75,4,2.28571428571429,4.33333333333333,3.61538461538462
759,2,2,22,7,2,-1,3.66666666666667,5,3,3.625,2,5,4.5,3,6,2019-10-19 18:28:16,2019-11-28 20:34:43,18,120,4,2,2,4,3,4,5,2,2,4,2,6,4,5,4,6,4,4,5,5.57142857142857,4.55555555555556,2.14583333333333
585,2,2,53,6,8,3,3.66666666666667,5,5.4,5.375,6,8,6.75,2.8,6,2019-10-18 14:46:44,2019-11-13 07:27:24,12,87,8,5,5,1,8,5,7,5,4,5,7,6,4,7,7,6,6,4,4.2,6.14285714285714,4.11111111111111,4.13218390804598
448,1,2,29,7,10,-7,6,7,6.2,4.625,5,6,5.5,3.7,1,2019-10-17 16:24:49,2019-11-08 09:15:07,8,60,1,7,8,7,8,6,6,5,4,2,2,6,6,5,6,5,6,1.25,1.8,1.85714285714286,1.55555555555556,2.48333333333333
351,1,2,39,6,7,2,5.33333333333333,5,5.4,5.75,7,7,6.25,2.6,6,2019-10-17 10:56:43,2019-10-31 16:37:46,14,338,8,7,8,2,2,6,7,6,7,3,7,5,5,6,4,7,5,3,4.2,5.28571428571429,3.66666666666667,2.66715976331361
23,4,1,32,5,2,-2,4,6,6,5.125,7,8,4,4.7,5,2019-10-16 11:13:32,2019-10-27 14:24:13,7,66,5,6,5,7,7,5,6,6,5,4,5,5,5,5,2,5,2,5.25,4.2,5.14285714285714,4.66666666666667,3.34090909090909
228,1,2,24,6,4,-4,3.66666666666667,4,5.8,4.125,4,7,5.5,3.1,7,2019-10-17 04:21:56,2019-10-30 20:31:17,13,38,8,5,8,4,4,5,5,4,5,4,5,4,1,7,5,7,7,6.5,6.4,5.85714285714286,6.44444444444444,2.59210526315789
234,4,2,62,3,2,-2,1,1,5.6,4.25,4,5,4.75,4.4,6,2019-10-17 04:47:24,2019-10-27 20:37:52,9,97,8,8,3,8,1,7,7,1,7,1,6,1,4,5,5,5,5,5.25,5.6,5.85714285714286,5.44444444444444,2.59278350515464
540,2,1,45,6,8,0,4.66666666666667,5,6.2,5,8,8,4.75,3.4,3,2019-10-18 12:11:00,2019-12-18 09:37:25,14,86,6,5,5,8,7,5,5,5,5,5,5,5,5,5,5,4,4,3.75,3.8,4.14285714285714,3.77777777777778,3.08139534883721
103,2,2,49,5,1,-1,2,3,2.4,2.875,0,0,5,4.2,6,2019-10-16 17:17:01,2019-10-30 10:53:02,11,53,2,1,3,3,3,3,3,2,3,3,3,3,3,5,2,5,5,4.75,5,5.85714285714286,4.88888888888889,2.99056603773585
273,3,2,47,7,5,0,5.33333333333333,4,5.2,4.75,6,6,5.75,1.6,3,2019-10-17 07:18:49,2019-10-30 22:10:41,10,54,8,5,6,4,3,6,6,5,5,1,2,7,6,4,4,3,3,1.75,2.8,4.42857142857143,2.33333333333333,3.73148148148148
213,4,2,22,7,3,-3,3.33333333333333,5,4.4,4.5,4,6,5.75,3.5,4,2019-10-16 22:47:13,2019-11-06 23:52:36,18,98,2,1,6,5,8,4,4,3,6,2,6,6,5,5,5,7,4,1.75,4.4,5,3.22222222222222,1.83673469387755
464,2,2,67,7,7,-6,4.66666666666667,4,5.6,5.75,7,8,5,2.7,6,2019-10-18 08:22:22,2019-10-28 11:41:52,12,110,8,3,8,7,2,6,6,6,6,6,4,6,6,6,3,6,3,2.5,4.4,5,3.55555555555556,3.86818181818182
1059,1,2,41,5,9,1,5,6,3.8,3.75,3,4,7,3.9,1,2019-10-29 08:00:42,2019-11-13 09:47:32,19,136,2,1,1,7,8,2,7,5,3,1,5,4,3,5,4,5,4,1.25,2,3.28571428571429,1.66666666666667,2.28676470588235
186,4,2,32,5,0,0,2,1,4.4,4.375,4,5,5,3.6,5,2019-10-16 21:05:32,2019-10-25 06:10:37,10,121,3,1,4,7,7,7,6,2,6,2,5,4,3,7,3,6,3,3.75,4.8,4.85714285714286,4.33333333333333,3.37190082644628
160,4,1,45,5,2,-2,4.33333333333333,5,7.4,5.875,8,8,5.25,3.6,6,2019-10-16 19:48:14,2019-10-27 18:02:23,13,69,8,5,8,8,8,5,7,7,5,6,5,6,6,7,5,7,7,5.75,6.2,5.28571428571429,6,2.92753623188406
307,1,1,62,5,9,-1,5.66666666666667,6,6.8,4.5,6,6,6.25,3.4,5,2019-10-17 08:45:28,2019-11-24 13:40:43,30,102,6,6,6,8,8,6,6,6,5,1,2,5,5,6,3,6,3,2.75,3,4.71428571428571,2.88888888888889,3.42647058823529
463,2,2,32,6,3,-3,4,4,3,3,2,3,5,3.3,4,2019-10-18 08:17:45,2019-10-28 13:18:36,13,65,1,2,1,3,8,4,5,2,1,1,2,6,3,5,5,5,5,2.75,3,4.57142857142857,2.88888888888889,2.17692307692308
423,3,1,39,5,5,-4,4.33333333333333,5,3.2,3.75,1,7,5,3.7,2,2019-10-17 15:09:56,2019-11-02 13:47:25,18,40,5,2,1,3,5,4,5,4,4,1,4,4,4,5,6,5,6,1.75,3.2,4,2.55555555555556,2.3125
371,1,2,60,6,11,-2,5.33333333333333,5,7.2,5,7,8,5.25,3.5,5,2019-10-17 11:52:28,2019-10-30 15:25:39,11,62,8,6,6,8,8,5,5,5,5,6,4,5,5,5,5,4,5,3.25,4,4.71428571428571,3.66666666666667,3.53225806451613
84,1,2,60,6,3,-3,2,1,3.4,4,3,5,6,2.4,5,2019-10-16 16:34:18,2019-10-28 06:07:34,12,38,2,2,7,5,1,4,5,3,5,7,4,3,1,3,5,3,3,3.75,4.2,5,4,2.34210526315789
258,2,1,43,5,6,-6,4,4,4.2,3.375,3,4,4.5,2.8,5,2019-10-17 06:16:39,2019-11-14 18:07:20,24,152,5,5,5,1,5,4,5,3,5,6,2,1,1,6,4,7,4,2.75,2.6,5.42857142857143,2.66666666666667,2.87171052631579
312,4,2,31,6,4,-2,2.33333333333333,3,4.4,4.75,6,8,5,3.6,5,2019-10-17 09:01:18,2019-11-19 11:18:15,12,70,5,5,2,5,5,5,5,4,4,5,5,5,5,4,5,5,4,3.25,4.2,4.71428571428571,3.77777777777778,2.32142857142857
588,3,2,28,5,6,-6,5,7,8,5.625,6,7,4,2.1,3,2019-10-18 15:04:37,2019-11-04 17:46:25,10,46,8,8,8,8,8,6,7,7,7,1,4,7,6,6,5,3,5,2.5,4.2,3.28571428571429,3.44444444444444,2.60869565217391
551,2,1,56,7,9,0,4.66666666666667,5,7.2,5.625,8,8,5.25,3.8,2,2019-10-18 12:54:14,2019-11-11 14:25:14,9,91,8,6,8,7,7,5,7,6,5,6,5,6,5,2,5,3,2,1.75,2.2,2.71428571428571,2,1.3021978021978
346,4,2,42,5,10,-8,4.33333333333333,5,5.2,5.75,8,8,5.75,3.4,6,2019-10-17 10:52:51,2019-11-01 14:12:45,10,104,6,6,3,3,8,5,7,5,6,7,5,5,6,5,4,4,4,3.75,5,5.14285714285714,4.44444444444444,0.932692307692308
311,2,2,57,5,9,-8,4,5,3.8,3.75,3,4,7,2.6,3,2019-10-17 08:59:01,2019-10-28 07:40:05,16,58,2,6,1,8,2,4,7,5,3,1,1,7,2,3,6,3,6,1.25,2.4,3.14285714285714,1.88888888888889,2.5
256,2,2,22,6,6,-5,4,7,6.8,7,8,8,5.5,4.2,1,2019-10-17 06:12:45,2019-10-27 09:30:49,16,131,8,6,5,7,8,7,7,7,7,7,7,7,7,7,3,3,3,1,3.2,2.57142857142857,2.22222222222222,1.31297709923664
236,1,1,54,4,9,2,6.66666666666667,7,8,6.625,7,8,7,2,5,2019-10-17 04:55:42,2019-10-26 04:19:34,14,93,8,8,8,8,8,7,7,7,7,7,7,4,7,7,5,6,3,1.75,2.2,5.28571428571429,2,3.21505376344086
100,3,2,19,5,3,-3,3.33333333333333,4,5,4.625,5,8,5.25,3.8,5,2019-10-16 17:09:53,2019-11-07 08:34:46,12,134,5,4,3,6,7,4,5,5,5,5,5,4,4,6,3,5,4,4.25,3.8,4.85714285714286,4,2.99253731343284
276,1,2,39,5,10,1,4.33333333333333,6,6.4,6,6,7,5.75,2.8,6,2019-10-17 07:21:50,2019-11-20 21:19:32,16,87,8,8,2,7,7,7,7,6,7,7,3,4,7,6,6,6,6,1.25,2.2,5.85714285714286,1.77777777777778,2.35057471264368
193,2,1,76,3,7,-4,4.66666666666667,6,6.8,4.625,5,6,6.5,3.2,7,2019-10-16 21:23:08,2019-12-15 07:18:29,32,51,6,6,6,8,8,5,7,6,2,6,1,6,4,6,2,7,6,5.75,5.6,6.42857142857143,5.66666666666667,2.81372549019608
42,2,1,32,7,9,1,4.33333333333333,5,3.2,3.75,3,4,5.25,3.6,2,2019-10-16 12:38:11,2019-12-09 11:03:44,8,45,1,1,2,6,6,6,6,6,1,4,2,3,2,5,5,6,4,3.75,3.4,3.28571428571429,3.55555555555556,2.56666666666667
49,1,1,47,5,3,-2,3.33333333333333,4,5,5.125,6,7,5.5,3.5,6,2019-10-16 14:16:55,2019-11-23 11:03:36,14,72,5,5,4,6,5,5,6,6,4,5,6,6,3,5,5,6,5,5,5.2,5.28571428571429,5.11111111111111,3.61111111111111
950,2,2,34,7,10,1,6,7,4.4,4.875,3,8,5.25,3.1,4,2019-10-22 07:30:06,2019-10-30 04:01:40,18,47,2,7,3,2,8,6,7,4,4,6,4,4,4,5,4,5,5,4,3.8,4.42857142857143,3.88888888888889,1.15957446808511
420,1,1,40,3,7,-6,1.66666666666667,4,3,4,3,5,6.5,4.5,1,2019-10-17 14:50:23,2019-11-19 14:32:44,11,342,4,1,1,1,8,5,5,4,3,7,1,4,3,7,5,5,6,1,1,2,1,1.75146198830409
75,4,2,56,3,3,-2,3.66666666666667,4,3.2,2.375,0,3,6.5,4.4,4,2019-10-16 15:56:43,2019-10-27 22:31:12,11,43,2,1,1,6,6,1,4,1,4,1,4,1,3,7,2,6,2,5.25,4.2,5.42857142857143,4.66666666666667,3.01162790697674
560,3,2,60,6,9,2,4.33333333333333,5,7,4.25,3,6,5.25,2.9,6,2019-10-18 13:17:32,2019-12-12 19:13:41,17,61,8,6,7,7,7,5,6,5,4,3,3,4,4,6,4,6,4,3.5,3.8,4.57142857142857,3.66666666666667,3.11475409836066
627,1,1,57,4,9,-6,6,6,4.8,4.375,4,4,6.25,3,1,2019-10-18 17:23:59,2019-11-13 12:27:34,14,94,8,5,2,8,1,5,6,7,3,2,2,3,7,7,7,7,7,1.25,2.8,4.42857142857143,2.11111111111111,2.58510638297872
352,2,2,73,5,6,1,4.66666666666667,6,6.6,6.25,8,8,5.5,2.4,5,2019-10-17 11:01:25,2019-11-17 11:17:49,14,60,8,8,8,8,1,7,7,6,5,7,5,6,7,7,4,6,7,3.75,4.6,6.85714285714286,4.22222222222222,4.26666666666667
196,4,2,21,4,3,-3,2.66666666666667,2,2,3.125,0,3,4.25,3.6,2,2019-10-16 21:40:16,2019-10-28 00:06:12,11,43,1,1,1,1,6,4,4,3,4,3,2,2,3,5,5,5,4,3.25,3.2,4.14285714285714,3.22222222222222,2.2093023255814
902,1,1,67,5,8,-6,4.66666666666667,5,5.2,5,5,7,5.5,1.7,4,2019-10-21 12:22:21,2019-11-19 12:48:37,14,172,4,4,8,5,5,4,6,6,6,6,4,3,5,3,4,3,5,2,3.4,4.14285714285714,2.77777777777778,1.4796511627907
637,3,1,76,6,9,-6,4.66666666666667,5,6.4,4.75,5,5,5.5,3.2,5,2019-10-18 18:25:20,2019-12-06 13:22:05,61,571,8,7,8,8,1,6,6,6,3,5,2,7,3,6,6,6,7,2.5,4,5.57142857142857,3.33333333333333,2.92381786339755
735,2,1,58,5,7,-5,2.66666666666667,4,4.2,3.625,4,4,5.75,2.4,5,2019-10-19 11:43:19,2019-11-08 07:22:58,7,99,4,3,2,7,5,3,5,5,6,1,1,5,3,6,1,4,3,2,3.2,5.71428571428571,2.66666666666667,3.47474747474747
173,2,2,24,6,7,-6,3.33333333333333,5,5.4,4.75,4,8,5.25,2.6,6,2019-10-16 20:24:59,2019-11-05 19:56:09,10,41,5,5,1,8,8,5,6,4,4,4,5,6,4,5,5,3,5,3.25,5,5.85714285714286,4.22222222222222,2.58536585365854
736,3,1,23,4,10,-9,2.66666666666667,5,5.4,3.25,2,2,4.75,3.4,4,2019-10-19 11:44:14,2019-11-06 19:40:55,13,45,4,2,7,7,7,5,5,3,3,2,2,3,3,6,6,6,6,2.25,3.8,3.57142857142857,3.11111111111111,2.9
742,3,1,61,6,9,2,5.66666666666667,4,3.8,2.75,1,2,6,3.8,1,2019-10-19 13:57:29,2019-11-12 18:37:35,13,53,2,1,7,8,1,4,5,3,2,2,2,2,2,5,4,5,4,2,2,3.42857142857143,2,1.41509433962264
360,3,1,41,6,8,-6,5,4,7.2,4.375,4,7,5.5,3.5,5,2019-10-17 11:23:22,2019-11-25 16:03:28,13,98,8,7,7,7,7,5,5,4,4,3,4,5,5,5,3,4,6,2.75,3.4,4.71428571428571,3.11111111111111,2.82142857142857
812,4,1,41,6,9,-7,4.66666666666667,5,5.8,3.75,3,5,5.75,3,5,2019-10-20 11:48:54,2019-11-08 18:55:06,9,87,6,3,8,6,6,4,6,5,3,1,1,6,4,5,6,4,6,3.25,4.4,5.14285714285714,3.88888888888889,2.39655172413793
285,3,1,18,6,4,1,5.33333333333333,6,5.2,5.5,6,6,5.25,4.4,2,2019-10-17 07:59:36,2019-11-07 10:23:56,15,40,8,8,1,1,8,7,7,7,6,2,1,7,7,5,2,3,3,3,3,3.57142857142857,3,3.225
1026,4,2,32,5,1,0,1.66666666666667,2,3.6,4,2,5,5.25,3.6,5,2019-10-24 11:32:53,2019-11-07 22:11:37,9,42,5,5,1,4,3,5,6,3,4,4,4,3,3,7,3,7,5,4,4,5.71428571428571,4,1.80952380952381
908,1,2,29,7,2,0,2.33333333333333,2,2.8,2.625,0,2,3.75,3.9,2,2019-10-21 13:23:47,2019-10-29 09:11:55,15,59,4,5,1,2,2,2,3,1,4,4,3,2,2,5,5,4,6,3.25,4,2.14285714285714,3.66666666666667,2.50847457627119
191,3,1,53,6,4,-4,5,7,4,6,6,8,7,2.5,3,2019-10-16 21:19:48,2019-11-13 21:53:33,13,75,1,1,2,8,8,7,7,7,4,7,4,7,5,5,4,5,7,3.25,3.8,5,3.55555555555556,3.72666666666667
396,3,1,43,5,11,0,3.66666666666667,3,6.2,5,7,8,6.5,4.1,5,2019-10-17 13:21:08,2019-11-02 23:43:40,23,339,6,6,6,7,6,5,5,5,5,6,5,5,4,5,4,5,4,3.75,3.4,4.28571428571429,3.55555555555556,3.3259587020649
1095,2,1,41,6,10,1,4,3,6,5,7,7,5.75,2.9,6,2019-10-30 12:46:47,2019-11-17 13:54:10,10,54,6,5,5,6,8,6,6,5,5,2,6,5,5,7,7,7,7,3,3.2,4.85714285714286,3.11111111111111,3.75925925925926
308,3,2,31,6,6,-6,3.33333333333333,3,4.2,3.25,3,4,4,4.1,2,2019-10-17 08:47:07,2019-11-09 08:00:07,13,43,3,5,4,5,4,3,5,1,1,1,5,6,4,3,3,5,3,1.75,2.2,2.42857142857143,2,1.76744186046512
219,2,2,54,4,8,-6,4,5,7,4.75,5,7,6.5,3.6,4,2019-10-17 00:43:08,2019-12-04 23:16:15,16,100,7,7,7,7,7,6,6,6,6,1,4,4,5,4,2,4,2,2.75,2.4,4.42857142857143,2.55555555555556,4.4
494,3,1,64,6,7,-5,4.33333333333333,3,6,4.625,4,8,6.5,5.1,4,2019-10-18 09:28:31,2019-11-03 08:32:54,11,91,5,6,8,6,5,6,5,5,4,4,4,5,4,6,5,6,5,3.75,4.2,4.42857142857143,4,2.32417582417582
454,3,2,49,4,8,0,5,5,5.8,4.75,5,6,6.5,3.6,5,2019-10-17 16:40:24,2019-10-26 10:32:27,14,130,7,3,3,8,8,7,5,5,3,4,2,7,5,4,5,3,3,1.75,2.4,3.85714285714286,2.11111111111111,2.63461538461538
499,3,1,65,7,10,-8,4.66666666666667,5,7.4,4.875,5,7,4.75,2.9,1,2019-10-18 09:44:55,2019-10-29 11:22:52,8,54,8,6,7,8,8,6,6,5,4,4,2,7,5,5,5,5,5,2.5,1.4,2.42857142857143,1.88888888888889,2.2037037037037
690,2,1,64,6,9,2,5,6,5,4.125,3,5,5.5,4.5,4,2019-10-19 07:25:20,2019-11-23 10:00:35,17,68,7,6,8,3,1,4,6,5,3,6,2,4,3,5,3,6,5,3,2.6,4.28571428571429,2.77777777777778,1.77205882352941
647,1,1,48,4,6,-5,3.66666666666667,5,5,6.125,8,8,5.5,2.3,7,2019-10-18 18:56:38,2019-11-22 22:09:22,12,92,7,6,3,4,5,7,7,6,6,7,5,5,6,6,5,7,6,5.25,5,5.85714285714286,5.11111111111111,3.58152173913043
304,1,2,52,5,5,2,2.33333333333333,4,6.8,5,5,7,5.5,2.8,7,2019-10-17 08:28:15,2019-11-07 10:14:07,14,59,8,5,8,8,5,5,7,4,6,3,6,5,4,6,3,7,5,6,4.8,6.14285714285714,5.33333333333333,2.73728813559322
298,1,2,26,7,3,-3,3.33333333333333,6,5.8,5,5,7,4.5,4,2,2019-10-17 08:20:56,2019-11-11 11:52:40,15,89,6,5,5,6,7,6,6,6,4,2,4,7,5,7,3,7,5,1,1.6,2.71428571428571,1.33333333333333,2.32584269662921
586,1,1,61,7,9,2,5,6,5.8,4.125,3,5,3.5,4.2,4,2019-10-18 14:53:05,2019-11-18 18:10:14,21,240,8,7,2,6,6,5,4,5,3,3,3,4,6,5,5,5,6,3.5,2.8,4.42857142857143,3.11111111111111,2.09375
63,3,2,22,5,2,-2,4,5,4.6,5.5,6,8,5.25,2.7,7,2019-10-16 15:11:50,2019-10-26 07:00:27,12,49,8,5,1,1,8,4,7,6,6,6,5,6,4,6,6,6,6,4.5,5.2,6.42857142857143,4.88888888888889,3.29591836734694
457,2,2,55,6,8,-2,4,2,4.8,4.25,3,7,5.5,4,6,2019-10-17 16:55:39,2019-11-11 19:13:23,13,73,6,5,1,8,4,4,4,4,5,6,5,4,2,6,6,6,5,3.25,6.2,5,4.88888888888889,2.06849315068493
417,1,1,28,6,9,-8,5.33333333333333,6,4.4,4.25,4,5,3.75,3.8,5,2019-10-17 14:34:03,2019-10-30 19:05:55,14,82,4,7,3,2,6,3,5,4,3,6,5,2,6,7,2,5,6,4.25,3.4,5.57142857142857,3.77777777777778,2.70121951219512
681,4,2,36,5,3,-3,3.33333333333333,3,2.6,2.625,1,2,6.75,2.3,4,2019-10-19 06:31:47,2019-10-31 17:17:52,12,46,1,2,1,1,8,5,3,2,1,1,2,4,3,7,4,6,5,3.75,4.2,3,4,1.79347826086957
692,2,2,73,7,9,-3,5.33333333333333,7,6.6,6.25,8,8,7,2.9,2,2019-10-19 07:51:55,2019-10-29 08:42:11,11,51,8,8,8,8,1,7,7,6,6,7,5,6,6,6,5,6,7,1.25,2.8,4.14285714285714,2.11111111111111,2.70588235294118
106,1,2,20,5,2,-2,2.33333333333333,4,3.4,5,8,8,4,3.8,4,2019-10-16 17:22:15,2019-10-31 18:00:46,13,87,2,4,1,5,5,5,5,5,5,5,5,5,5,6,6,6,5,2.5,2.6,5.14285714285714,2.55555555555556,2.20114942528736
163,1,1,56,7,11,-8,5,5,5.6,5.125,6,6,6,2.7,4,2019-10-16 19:56:45,2019-11-02 14:41:46,13,59,7,6,2,8,5,7,6,2,6,6,2,7,5,5,4,6,6,2.5,2,5.14285714285714,2.22222222222222,2.82203389830508
590,1,1,72,6,11,-8,5.33333333333333,6,8,6.125,7,8,5.75,2.9,5,2019-10-18 15:06:32,2019-11-05 12:40:33,12,39,8,8,8,8,8,7,7,6,5,7,4,7,6,5,5,6,5,3.25,5,5.14285714285714,4.22222222222222,3.14102564102564
409,2,2,47,3,4,-4,2,5,7,4.875,4,8,5.75,3.8,5,2019-10-17 14:03:57,2019-11-07 11:37:33,10,49,8,7,6,7,7,4,6,6,6,4,5,4,4,6,6,6,5,6,5.6,6.14285714285714,5.77777777777778,2.3265306122449
222,2,2,31,5,5,-4,2.33333333333333,5,6.4,4.375,4,6,4.75,4.3,1,2019-10-17 01:26:25,2019-10-29 20:40:14,17,191,6,7,3,8,8,5,7,5,3,2,5,4,4,6,1,3,5,1,2.6,5.71428571428571,1.88888888888889,3.15706806282722
170,1,2,33,5,3,-3,3,4,2.4,4.25,3,6,5.75,3.4,1,2019-10-16 20:17:27,2019-10-26 19:04:57,15,86,3,2,3,1,3,5,6,4,4,1,3,7,4,4,2,4,2,2.5,3.4,3.14285714285714,3,2.28488372093023
682,2,2,48,6,7,-6,3.66666666666667,5,3.8,4.625,6,7,5,2.8,3,2019-10-19 06:31:57,2019-11-01 06:00:38,14,43,6,3,1,1,8,6,6,5,4,1,5,5,5,6,4,7,3,2,2.4,5.42857142857143,2.22222222222222,2.59302325581395
55,3,2,24,7,3,-1,3.66666666666667,5,2.4,4,3,4,5.75,2.8,4,2019-10-16 14:24:37,2019-11-09 13:28:40,10,59,2,2,2,2,4,4,5,3,6,2,3,6,3,6,5,7,5,2.75,3.2,4.71428571428571,3,2.66949152542373
71,2,1,61,5,8,-5,5,5,8,5.625,6,8,6.5,1.9,5,2019-10-16 15:37:28,2019-11-04 16:09:12,25,138,8,8,8,8,8,5,7,6,4,7,6,6,4,7,5,6,7,3.5,3.4,5,3.44444444444444,2.82246376811594
107,3,2,36,6,5,0,6,4,5.6,4.75,6,6,6,2.5,4,2019-10-16 17:23:28,2019-10-29 10:07:45,22,50,5,5,6,6,6,6,6,3,5,3,5,5,5,7,5,6,5,3.25,4,5.28571428571429,3.66666666666667,3.05
143,2,2,58,6,3,-3,3,2,4.2,3.875,4,6,5.75,3.8,2,2019-10-16 18:52:03,2019-11-20 20:26:57,13,42,2,1,6,6,6,4,5,2,5,5,4,5,1,3,4,2,3,4,2.8,3.14285714285714,3.33333333333333,1.97619047619048
147,3,1,66,6,8,-4,4.66666666666667,6,6.4,5.125,5,7,6,2.8,6,2019-10-16 18:58:05,2019-10-29 15:47:10,10,72,8,5,8,6,5,6,7,6,4,4,2,6,6,6,2,7,2,6,5,5.71428571428571,5.44444444444444,1.63194444444444
510,3,2,21,4,7,-1,5.33333333333333,5,7,5.125,6,6,7,3.5,5,2019-10-18 10:16:14,2019-11-01 08:24:38,13,42,7,6,6,8,8,6,6,3,5,1,7,6,7,6,5,6,7,1.75,4.4,5.14285714285714,3.22222222222222,2.30952380952381
86,3,1,49,5,8,-1,4,4,4.8,4.5,5,6,4,4,5,2019-10-16 16:49:29,2019-12-17 22:11:56,11,83,7,5,4,4,4,5,6,4,5,5,5,3,3,7,4,6,4,5,4,5.71428571428571,4.44444444444444,3.1566265060241
53,1,2,51,5,9,-5,5.33333333333333,5,7,5.875,7,8,6,4.3,3,2019-10-16 14:23:02,2019-11-02 09:59:31,14,65,8,7,8,8,4,7,7,7,7,4,5,5,5,4,5,5,5,4.25,2.2,4.57142857142857,3.11111111111111,2.42307692307692
310,3,2,21,4,0,0,2.66666666666667,3,2.8,2.75,1,3,5.75,3.3,6,2019-10-17 08:51:32,2019-11-04 16:26:53,17,63,1,2,3,3,5,1,4,2,2,1,5,4,3,5,2,6,3,3.25,4.8,5.42857142857143,4.11111111111111,1.5
43,4,1,45,4,9,1,5.33333333333333,5,5.6,5.5,5,6,5,3.3,2,2019-10-16 12:47:22,2019-11-12 09:45:21,12,48,2,2,8,8,8,7,7,7,4,2,3,7,7,7,7,6,7,2,2,2.71428571428571,2,2.55208333333333
413,3,1,67,7,9,2,5,6,5.8,4.375,4,6,6,3.3,5,2019-10-17 14:20:25,2019-11-07 16:06:54,11,108,8,7,1,5,8,5,5,6,4,2,2,7,4,6,3,7,4,4,4.8,4.57142857142857,4.44444444444444,1.4537037037037
447,3,1,35,7,10,-6,4.33333333333333,5,6.2,5.875,8,8,3.5,4.6,5,2019-10-17 16:21:51,2019-11-20 12:26:09,13,93,6,6,6,7,6,6,6,6,6,5,6,6,6,7,2,4,3,5.75,4.4,5.42857142857143,5,3.51612903225806
617,1,1,74,6,5,-5,2.66666666666667,6,5.2,5.5,6,7,6.25,2.8,7,2019-10-18 16:50:01,2019-11-19 11:43:10,27,51,7,6,8,4,1,7,7,6,6,7,4,5,2,6,6,7,7,5.75,5,6.42857142857143,5.33333333333333,4.17647058823529
368,4,1,46,5,2,-2,5,2,5.8,5.125,5,7,5,3,6,2019-10-17 11:46:25,2019-10-28 11:11:40,11,66,6,4,3,8,8,3,6,5,7,6,4,6,4,6,5,7,4,6.5,4.2,6,5.22222222222222,3
484,4,2,25,7,10,-6,5,4,4,3.625,3,5,5.25,4,6,2019-10-18 09:13:23,2019-10-26 10:32:06,13,69,6,4,1,4,5,5,5,3,4,1,2,5,4,5,4,6,6,3.75,4.4,5.14285714285714,4.11111111111111,1.71014492753623
533,4,2,28,5,1,-1,1,2,5,2.875,0,0,4.25,4.4,6,2019-10-18 11:59:55,2019-10-30 18:21:53,9,63,5,5,5,5,5,2,3,3,3,3,3,3,3,6,5,6,6,3.5,5.6,5.85714285714286,4.66666666666667,2.81746031746032
159,2,2,65,6,9,-6,3.33333333333333,4,4.2,5.5,6,8,4.5,3.4,6,2019-10-16 19:45:18,2019-10-25 18:59:34,14,43,8,6,1,5,1,5,6,4,7,7,6,5,4,7,7,7,7,3.25,4.8,5.71428571428571,4.11111111111111,1.8953488372093
1046,2,1,34,6,8,0,4.33333333333333,6,3.8,4.875,5,7,6,3.2,1,2019-10-28 20:26:41,2019-11-18 09:52:27,17,71,1,1,1,8,8,7,7,6,4,4,1,5,5,5,2,4,3,1.5,1.8,4.14285714285714,1.66666666666667,3.51408450704225
1124,2,1,43,6,9,-4,4.33333333333333,6,5.2,5.5,6,6,7,2.7,1,2019-10-31 10:49:15,2019-11-19 10:44:00,11,142,6,5,1,6,8,7,7,7,7,1,1,7,7,4,5,5,5,1.5,2.2,2.57142857142857,1.88888888888889,2.2887323943662
974,2,2,57,6,11,-2,6.66666666666667,7,6.4,4.875,5,6,4.5,2.2,1,2019-10-22 17:21:44,2019-11-15 14:54:50,15,48,8,7,1,8,8,7,7,6,4,1,2,7,5,5,7,6,7,1,1,1.57142857142857,1,1.73958333333333
1035,2,2,86,7,9,-5,6.33333333333333,7,5.6,4.625,3,6,6.5,3.2,5,2019-10-28 16:53:54,2019-12-02 09:04:59,19,54,8,8,8,2,2,7,7,4,4,3,3,4,5,5,6,5,6,5.25,5.6,5.14285714285714,5.44444444444444,3.56481481481481
76,3,1,62,6,9,-1,5.66666666666667,5,6.2,3.75,4,4,6.25,3.1,3,2019-10-16 15:59:11,2019-11-03 09:09:31,9,73,7,2,8,7,7,6,6,5,2,2,2,1,6,6,4,5,4,3.75,3,4.28571428571429,3.33333333333333,2.45205479452055
852,3,2,65,6,2,-2,1.66666666666667,1,4.2,2.125,0,0,4,3.5,4,2019-10-20 21:37:58,2019-12-02 07:34:22,10,46,8,4,4,1,4,2,3,1,3,1,1,3,3,6,5,5,4,1.5,2.8,3.57142857142857,2.22222222222222,2.91304347826087
716,2,2,43,5,4,-4,4,5,5,3.625,3,4,5.25,2.6,3,2019-10-19 10:05:55,2019-11-18 12:55:46,12,137,4,3,8,5,5,5,6,5,3,2,2,4,2,5,5,6,5,3.25,4.6,3.85714285714286,4,2.41240875912409
843,2,2,65,5,11,-2,4,7,6.8,4.75,5,6,5.5,3.2,5,2019-10-20 19:45:14,2019-12-09 12:29:47,14,64,8,8,8,4,6,6,6,5,3,4,3,5,6,5,4,5,6,3,5.4,4.57142857142857,4.33333333333333,3.7109375
1144,4,2,58,4,9,-1,4,4,6.6,4.375,4,4,5.75,3.3,4,2019-10-31 19:39:00,2019-11-09 19:47:05,9,46,5,6,6,8,8,6,6,3,3,3,3,5,6,6,6,6,6,1.75,2.8,4.85714285714286,2.33333333333333,3.14130434782609
361,1,1,60,5,9,-6,4,4,6.8,4.625,4,7,5.75,3.1,3,2019-10-17 11:24:56,2019-10-29 13:15:02,22,87,8,5,8,8,5,5,6,4,3,6,4,5,4,4,3,3,2,3.5,2.6,3.42857142857143,3,3.5632183908046
785,4,2,67,6,5,-5,2.66666666666667,5,4.4,4.5,5,5,4.75,3,2,2019-10-20 04:13:55,2019-11-02 07:55:04,8,105,5,3,1,5,8,6,6,3,2,6,1,7,5,7,5,7,7,4.5,5.6,6.28571428571429,5.11111111111111,2.87619047619048
649,3,2,54,7,7,-6,5.33333333333333,5,4.6,4.5,5,7,6,2.8,2,2019-10-18 19:03:24,2019-11-19 20:39:35,15,40,5,3,8,1,6,5,5,5,5,3,4,5,4,5,5,3,5,2,3.2,3.42857142857143,2.66666666666667,2.25
349,2,1,32,6,8,-6,4.66666666666667,4,4.8,3.5,2,5,6.5,4.1,1,2019-10-17 10:55:19,2019-10-28 09:20:19,11,123,6,1,1,8,8,4,5,4,3,1,1,6,4,3,3,6,3,1,2.8,2.71428571428571,2,1.19512195121951
839,3,2,58,7,9,-4,4,4,4.8,5.375,6,8,5,2.6,3,2019-10-20 17:58:05,2019-11-04 16:40:06,13,93,3,3,4,6,8,6,6,6,4,5,4,6,6,4,5,5,5,3.5,5,3.71428571428571,4.33333333333333,2.04838709677419
350,2,2,48,6,9,-4,4,4,3.8,4.5,3,8,5,2.9,4,2019-10-17 10:55:25,2019-12-13 12:08:09,15,46,3,4,2,5,5,4,5,5,4,4,6,4,4,6,3,6,5,3.25,4.6,5.85714285714286,4,3.17391304347826
583,3,2,43,5,9,-8,3.66666666666667,4,4.6,3.625,0,6,4,4.1,4,2019-10-18 14:36:35,2019-10-30 17:32:00,13,81,5,3,4,7,4,4,4,3,4,4,2,4,4,4,5,3,4,4,3.6,4.57142857142857,3.77777777777778,2.04938271604938
914,4,1,55,5,6,0,6,6,6.8,4.375,5,5,5.5,3.5,6,2019-10-21 14:11:42,2019-11-29 12:31:49,15,59,8,8,6,6,6,5,6,3,6,2,1,6,6,6,3,7,5,6.5,6,6.28571428571429,6.22222222222222,2.50847457627119
629,3,2,40,5,11,-3,3.66666666666667,5,7,6.125,8,8,4.5,3.8,4,2019-10-18 17:27:51,2019-11-19 18:22:07,19,41,7,7,7,8,6,6,7,6,7,5,6,6,6,6,2,5,5,2,2.4,5.85714285714286,2.22222222222222,3.45121951219512
1151,2,1,68,6,9,2,4.66666666666667,6,6.4,5.125,6,7,6.25,3,2,2019-11-01 13:28:07,2019-11-19 16:34:18,13,50,8,7,8,7,2,6,6,5,5,4,3,6,6,4,6,3,3,2.5,2.8,3.28571428571429,2.66666666666667,1.73
881,2,2,55,6,3,-2,3.66666666666667,3,4.6,4.375,3,7,5.5,3.8,5,2019-10-21 08:57:09,2019-11-19 14:20:24,12,45,8,4,3,3,5,4,4,3,5,6,5,4,4,6,2,7,6,3,4.8,5.57142857142857,4,3.1
905,3,2,71,5,8,-3,4,5,4.4,4.375,5,6,6,2.9,3,2019-10-21 12:45:14,2019-11-20 12:00:50,12,42,5,4,5,6,2,6,5,5,4,2,1,7,5,6,5,4,5,3,4.6,4.71428571428571,3.88888888888889,3.92857142857143
458,3,2,55,5,3,-2,2,1,3.8,3.5,5,5,7,3,4,2019-10-17 16:57:35,2019-10-29 14:00:18,11,54,8,1,1,4,5,5,5,5,5,1,1,1,5,4,2,5,1,2.5,2,4,2.22222222222222,3.33333333333333
246,2,1,67,6,5,-4,3.66666666666667,5,5.2,3.5,3,4,6.25,1.9,4,2019-10-17 05:21:57,2019-11-04 10:20:01,15,83,4,1,8,8,5,4,6,2,2,7,1,1,5,3,3,4,3,1,2.2,4.71428571428571,1.66666666666667,1.93975903614458
282,2,1,51,6,11,-1,5.33333333333333,6,7.8,6.375,8,8,6.75,3.3,7,2019-10-17 07:47:10,2019-11-28 14:49:04,18,85,8,8,8,7,8,7,7,6,5,7,7,6,6,7,7,7,7,3,4.4,6.14285714285714,3.77777777777778,3.59411764705882
641,4,1,29,7,6,-5,4.33333333333333,5,4.2,3.75,2,3,5.75,4.2,2,2019-10-18 18:41:12,2019-10-29 12:08:51,7,70,2,2,3,6,8,3,5,3,3,7,2,4,3,5,5,5,5,2.25,3.2,2.71428571428571,2.77777777777778,2.57142857142857
775,3,2,26,7,5,-4,4.66666666666667,3,3.2,4.25,4,6,5.75,2.9,1,2019-10-19 21:06:57,2019-11-07 13:50:03,10,31,4,2,1,1,8,4,5,4,6,1,6,5,3,5,7,5,4,3.5,3.2,3.57142857142857,3.33333333333333,1.96774193548387
184,4,1,54,4,9,2,6,6,7,6,7,8,5.75,4.1,4,2019-10-16 21:04:53,2019-10-31 15:19:54,16,39,8,8,3,8,8,7,7,6,6,7,6,5,4,5,5,5,4,3.75,3.6,4.14285714285714,3.66666666666667,3.48717948717949
970,1,1,60,5,7,-6,5.33333333333333,6,7.2,6.25,7,8,5.75,1.8,2,2019-10-22 14:52:41,2019-11-27 20:55:15,9,82,6,6,8,8,8,7,7,7,7,7,4,6,5,4,6,5,6,1.75,2.8,3.28571428571429,2.33333333333333,1.91463414634146
877,1,2,50,7,11,-8,4.66666666666667,5,4.4,3.625,3,4,5.5,3.4,2,2019-10-21 08:29:47,2019-11-08 12:20:55,16,39,1,1,8,8,4,5,5,3,3,1,2,6,4,4,4,5,4,3.25,3.2,4.14285714285714,3.22222222222222,1.93589743589744
1043,1,1,57,4,11,-8,5.33333333333333,6,5.4,5.75,5,8,5.25,2.5,6,2019-10-28 19:15:00,2019-11-19 12:43:19,34,74,5,5,1,8,8,7,7,7,7,4,6,4,4,6,5,7,5,3.5,3.4,5.14285714285714,3.44444444444444,2.81756756756757
1133,2,1,27,5,10,-9,5,6,4.4,4,4,4,5.25,3.7,2,2019-10-31 13:50:16,2019-11-17 10:25:46,16,108,1,5,2,6,8,3,6,5,5,2,3,1,7,3,4,3,4,3.5,3.2,4.57142857142857,3.33333333333333,2.40277777777778
887,3,2,36,4,2,-2,2,3,5.6,4.375,3,6,4.75,3.3,5,2019-10-21 09:53:42,2019-11-23 12:15:28,14,45,8,4,5,5,6,4,6,3,5,6,4,3,4,3,3,3,3,3.25,3.6,4.71428571428571,3.44444444444444,2.54444444444444
964,1,1,65,6,11,-1,5,5,5,5.5,6,8,6,3.8,5,2019-10-22 11:31:05,2019-11-06 16:29:51,13,107,6,6,4,7,2,6,6,6,4,6,4,6,6,6,4,5,4,2.75,3,5.28571428571429,2.88888888888889,2.89719626168224
1076,2,2,44,7,6,-2,4.66666666666667,5,2.8,4.25,4,5,5.75,2.8,1,2019-10-29 19:19:41,2019-11-24 10:19:55,11,77,1,1,2,2,8,6,7,6,5,1,2,3,4,2,7,6,5,1,1,2.57142857142857,1,1.35714285714286
1038,3,1,50,7,10,-2,6.33333333333333,6,6.2,6.5,7,7,7,4.3,7,2019-10-28 18:08:19,2019-11-08 15:02:13,15,54,8,7,6,8,2,7,7,3,7,7,7,7,7,7,2,5,3,5.5,3.2,5.85714285714286,4.22222222222222,1.60185185185185
1166,2,1,36,6,10,-8,5,6,5.6,5,6,7,5.5,3.9,4,2019-11-02 10:32:38,2019-11-19 15:36:39,10,69,4,4,7,5,8,5,6,6,4,6,2,6,5,6,3,7,5,2.25,3.4,5.42857142857143,2.88888888888889,1.92028985507246
1106,2,2,47,5,5,-5,3.33333333333333,4,7.2,4.875,4,7,5.5,4,6,2019-10-30 21:17:25,2019-11-12 18:24:09,22,52,6,6,8,8,8,7,7,4,5,4,3,5,4,5,5,5,3,5,4.6,5.28571428571429,4.77777777777778,3.46153846153846
1162,3,2,23,4,3,-3,2.66666666666667,2,1.6,4,4,5,5.75,3.3,3,2019-11-02 07:24:06,2019-11-17 14:35:33,16,39,1,1,1,1,4,5,4,2,6,1,6,5,3,6,5,6,5,3.5,3.6,4.57142857142857,3.55555555555556,3.21794871794872
1173,3,2,33,6,5,-4,2.33333333333333,3,2.8,2.5,0,2,4.25,4.4,5,2019-11-02 14:56:25,2019-11-24 20:50:04,13,59,3,3,1,6,1,4,4,2,2,3,1,3,1,5,4,5,4,3.5,3.4,4.57142857142857,3.44444444444444,2.11016949152542
1047,2,2,69,3,10,1,4.66666666666667,6,7.8,5.25,6,7,6,3.6,7,2019-10-28 20:34:29,2019-11-19 19:51:52,11,69,8,7,8,8,8,7,7,5,5,6,3,4,5,6,3,6,4,4.5,4.6,6.14285714285714,4.55555555555556,3.19565217391304
1080,2,2,58,7,4,-4,3,4,3,3.5,0,6,4.75,3.4,5,2019-10-30 07:25:27,2019-11-28 13:08:28,14,57,5,3,2,4,1,4,4,4,4,2,2,4,4,5,6,5,6,3.5,4.4,4.57142857142857,4,0.921052631578947
1112,1,2,71,6,11,0,6.33333333333333,7,8,5.5,5,7,6.5,2.6,4,2019-10-31 08:26:09,2019-11-13 11:28:49,12,51,8,8,8,8,8,7,7,7,4,6,3,6,4,6,6,7,4,1,1.4,5,1.22222222222222,2.87254901960784
1073,4,1,33,6,5,-2,4,4,5.4,5.25,7,8,6,3.4,5,2019-10-29 15:39:10,2019-11-08 09:22:16,7,78,4,4,6,7,6,5,5,5,6,6,6,5,4,7,4,7,6,4.25,4.8,5.28571428571429,4.55555555555556,3.51282051282051
1119,2,2,38,7,4,-3,3,3,3,3.5,0,6,6,3.1,4,2019-10-31 10:01:46,2019-11-08 10:14:17,10,43,1,2,3,1,8,4,4,2,4,2,4,4,4,5,6,5,6,2,2,4.85714285714286,2,1.23255813953488
